{
    "loss": [
        6.174470901489258,
        3.7355329990386963,
        3.5328922271728516,
        3.556098461151123,
        3.5608651638031006,
        3.471733808517456,
        3.4477126598358154,
        3.4458367824554443,
        3.374288320541382,
        3.3483502864837646,
        3.378939151763916,
        3.303797721862793,
        3.356353759765625,
        3.2803640365600586,
        3.276538133621216,
        3.2451589107513428,
        3.3168280124664307,
        3.3291146755218506,
        3.1842753887176514,
        3.268265962600708,
        3.2769956588745117,
        3.296098232269287,
        3.2439236640930176,
        3.2131335735321045,
        3.185131788253784,
        3.1664419174194336,
        3.212830066680908,
        3.1756176948547363,
        3.208491563796997,
        3.161323070526123,
        3.196019411087036,
        3.16829252243042,
        3.1736013889312744,
        3.198112726211548
    ],
    "accuracy": [
        0.06773675978183746,
        0.10497592389583588,
        0.1097913309931755,
        0.12744782865047455,
        0.11589085310697556,
        0.1271268129348755,
        0.13322632014751434,
        0.13739967346191406,
        0.15409310162067413,
        0.16211877763271332,
        0.15634028613567352,
        0.16982343792915344,
        0.17688603699207306,
        0.1730337142944336,
        0.18105939030647278,
        0.18940609693527222,
        0.18459069728851318,
        0.17624397575855255,
        0.2003210335969925,
        0.1980738341808319,
        0.20064204931259155,
        0.19550561904907227,
        0.2003210335969925,
        0.19967897236347198,
        0.20545746386051178,
        0.21733547747135162,
        0.21861958503723145,
        0.22953450679779053,
        0.22953450679779053,
        0.22600321471691132,
        0.2253611534833908,
        0.22792936861515045,
        0.2304975986480713,
        0.22022472321987152
    ],
    "top_k_categorical_accuracy": [
        0.21348313987255096,
        0.27961477637290955,
        0.307865172624588,
        0.3338683843612671,
        0.2956661283969879,
        0.3187800943851471,
        0.3245585858821869,
        0.34349918365478516,
        0.35216692090034485,
        0.3630818724632263,
        0.36436596512794495,
        0.37784913182258606,
        0.37528088688850403,
        0.38876405358314514,
        0.3971107602119446,
        0.3961476683616638,
        0.38876405358314514,
        0.3791332244873047,
        0.4298555254936218,
        0.4147672653198242,
        0.4263242483139038,
        0.40449437499046326,
        0.4327447712421417,
        0.42182984948158264,
        0.4385232627391815,
        0.4658105969429016,
        0.4337078630924225,
        0.4645264744758606,
        0.4552167057991028,
        0.45553770661354065,
        0.4574638903141022,
        0.4600321054458618,
        0.44622793793678284,
        0.44398072361946106
    ],
    "val_loss": [
        3.369464635848999,
        3.230126142501831,
        2.9766366481781006,
        3.007512092590332,
        2.961289167404175,
        2.8502144813537598,
        2.7690341472625732,
        2.742811918258667,
        2.7220571041107178,
        2.6262400150299072,
        2.614058494567871,
        2.5780324935913086,
        2.8669185638427734,
        2.616851329803467,
        2.505244493484497,
        2.4545223712921143,
        2.5280961990356445,
        2.4340827465057373,
        2.4589743614196777,
        2.3915674686431885,
        2.3721072673797607,
        2.403165578842163,
        2.4359943866729736,
        2.4621875286102295,
        2.3048222064971924,
        2.282989501953125,
        2.340261220932007,
        2.438354969024658,
        2.271569013595581,
        2.369725465774536,
        2.442237615585327,
        2.398115873336792,
        2.3437860012054443,
        2.351767063140869
    ],
    "val_accuracy": [
        0.16524216532707214,
        0.23361822962760925,
        0.22792023420333862,
        0.22792023420333862,
        0.21937322616577148,
        0.2877492904663086,
        0.2849002778530121,
        0.30484330654144287,
        0.2877492904663086,
        0.2905983030796051,
        0.32478633522987366,
        0.3276353180408478,
        0.3333333432674408,
        0.3589743673801422,
        0.3589743673801422,
        0.37321937084198,
        0.3304843306541443,
        0.3532763421535492,
        0.3561253547668457,
        0.3988603949546814,
        0.40740740299224854,
        0.38746437430381775,
        0.3760683834552765,
        0.36467236280441284,
        0.3988603949546814,
        0.43304842710494995,
        0.43589743971824646,
        0.4245014190673828,
        0.4415954351425171,
        0.4245014190673828,
        0.40740740299224854,
        0.3988603949546814,
        0.40740740299224854,
        0.404558390378952
    ],
    "val_top_k_categorical_accuracy": [
        0.32478633522987366,
        0.45868945121765137,
        0.4900285005569458,
        0.45014244318008423,
        0.45014244318008423,
        0.504273533821106,
        0.5071225166320801,
        0.5270655155181885,
        0.5270655155181885,
        0.5811966061592102,
        0.561253547668457,
        0.561253547668457,
        0.6039885878562927,
        0.6239316463470459,
        0.5925925970077515,
        0.5897436141967773,
        0.5811966061592102,
        0.6182336211204529,
        0.6182336211204529,
        0.621082603931427,
        0.6410256624221802,
        0.6296296119689941,
        0.6381766200065613,
        0.680911660194397,
        0.7122507095336914,
        0.6837607026100159,
        0.6780626773834229,
        0.680911660194397,
        0.7065526843070984,
        0.7037037014961243,
        0.6495726704597473,
        0.6524216532707214,
        0.6609686613082886,
        0.6780626773834229
    ]
}