{
    "loss": [
        14.53072452545166,
        3.637376546859741,
        3.629836082458496,
        3.6236820220947266,
        3.61852765083313,
        3.6140964031219482,
        3.6116418838500977,
        3.6073391437530518,
        3.603912591934204,
        344.5367431640625,
        3.6049740314483643,
        3.602903127670288,
        3.6009466648101807,
        3.599264144897461,
        3.597794532775879,
        3.5965490341186523,
        3.5953259468078613,
        3.594372272491455,
        3.5935142040252686,
        3.59269642829895,
        3.5920419692993164,
        3.5914132595062256,
        3.5908782482147217,
        3.5903239250183105,
        3.589980363845825,
        3.58955979347229,
        3.5892395973205566,
        3.588953971862793,
        3.58868408203125,
        3.5883841514587402,
        3.5881783962249756,
        1186.5552978515625,
        3.5895986557006836,
        6780.69140625,
        3.5901124477386475,
        3.589974880218506
    ],
    "accuracy": [
        0.03531300276517868,
        0.03274478390812874,
        0.03210273012518883,
        0.03210273012518883,
        0.03210273012518883,
        0.03210273012518883,
        0.03210273012518883,
        0.03178170323371887,
        0.03210273012518883,
        0.03178170323371887,
        0.028892455622553825,
        0.03210273012518883,
        0.03210273012518883,
        0.030497591942548752,
        0.03210273012518883,
        0.03210273012518883,
        0.03210273012518883,
        0.03210273012518883,
        0.03210273012518883,
        0.03210273012518883,
        0.03210273012518883,
        0.03210273012518883,
        0.02985553815960884,
        0.03210273012518883,
        0.03210273012518883,
        0.02921348251402378,
        0.02985553815960884,
        0.030497591942548752,
        0.02857142873108387,
        0.031139647588133812,
        0.02985553815960884,
        0.03242375701665878,
        0.03210273012518883,
        0.029534511268138885,
        0.030818618834018707,
        0.03210273012518883
    ],
    "top_k_categorical_accuracy": [
        0.17142857611179352,
        0.15088282525539398,
        0.15120385587215424,
        0.15120385587215424,
        0.14895665645599365,
        0.15409310162067413,
        0.15537720918655396,
        0.1544141322374344,
        0.15120385587215424,
        0.16308185458183289,
        0.15313000977039337,
        0.1544141322374344,
        0.1521669328212738,
        0.1550561785697937,
        0.15248796343803406,
        0.15088282525539398,
        0.15377207100391388,
        0.15248796343803406,
        0.15313000977039337,
        0.1515248864889145,
        0.15345104038715363,
        0.15601925551891327,
        0.1544141322374344,
        0.15601925551891327,
        0.15601925551891327,
        0.15473514795303345,
        0.15634028613567352,
        0.15698234736919403,
        0.15120385587215424,
        0.15698234736919403,
        0.15698234736919403,
        0.1585874855518341,
        0.15698234736919403,
        0.15345104038715363,
        0.1515248864889145,
        0.15698234736919403
    ],
    "val_loss": [
        3.652432441711426,
        3.642101764678955,
        3.6352379322052,
        3.62941575050354,
        3.6246066093444824,
        3.6203854084014893,
        3.6167030334472656,
        3.613537549972534,
        3.612151622772217,
        3.6130847930908203,
        3.612562656402588,
        3.6104440689086914,
        3.6087875366210938,
        3.607278823852539,
        3.6058895587921143,
        3.6048927307128906,
        3.603881597518921,
        3.603057622909546,
        3.6022608280181885,
        3.601677179336548,
        3.6011438369750977,
        3.6005804538726807,
        3.6001269817352295,
        3.5998475551605225,
        3.599550247192383,
        3.599242925643921,
        3.5990042686462402,
        3.5987167358398438,
        3.5985207557678223,
        3.5983211994171143,
        3.5982189178466797,
        3.5998458862304688,
        3.599652051925659,
        3.600487470626831,
        3.6003692150115967,
        3.6002418994903564
    ],
    "val_accuracy": [
        0.025641025975346565,
        0.025641025975346565,
        0.025641025975346565,
        0.025641025975346565,
        0.025641025975346565,
        0.025641025975346565,
        0.025641025975346565,
        0.025641025975346565,
        0.025641025975346565,
        0.025641025975346565,
        0.025641025975346565,
        0.025641025975346565,
        0.025641025975346565,
        0.025641025975346565,
        0.025641025975346565,
        0.025641025975346565,
        0.025641025975346565,
        0.025641025975346565,
        0.025641025975346565,
        0.025641025975346565,
        0.025641025975346565,
        0.025641025975346565,
        0.025641025975346565,
        0.025641025975346565,
        0.025641025975346565,
        0.025641025975346565,
        0.025641025975346565,
        0.025641025975346565,
        0.028490029275417328,
        0.025641025975346565,
        0.025641025975346565,
        0.025641025975346565,
        0.025641025975346565,
        0.025641025975346565,
        0.025641025975346565,
        0.025641025975346565
    ],
    "val_top_k_categorical_accuracy": [
        0.1367521435022354,
        0.1367521435022354,
        0.1367521435022354,
        0.1367521435022354,
        0.1367521435022354,
        0.1367521435022354,
        0.1367521435022354,
        0.1367521435022354,
        0.13960114121437073,
        0.13960114121437073,
        0.1367521435022354,
        0.13960114121437073,
        0.1367521435022354,
        0.13960114121437073,
        0.13960114121437073,
        0.13960114121437073,
        0.13960114121437073,
        0.13960114121437073,
        0.13960114121437073,
        0.13960114121437073,
        0.13960114121437073,
        0.13960114121437073,
        0.13960114121437073,
        0.13960114121437073,
        0.13960114121437073,
        0.13960114121437073,
        0.13960114121437073,
        0.13960114121437073,
        0.13960114121437073,
        0.13960114121437073,
        0.13960114121437073,
        0.13960114121437073,
        0.13960114121437073,
        0.13960114121437073,
        0.13960114121437073,
        0.13960114121437073
    ]
}